"0","paste0(
  ""2020å¹´"",post$comments$DateTime
) %>% 
  ymd_hm()
"
"1"," [1]"
"1"," ""2020-04-20 14:50:00 UTC"""
"1"," ""2020-04-20 14:51:00 UTC"""
"1"," ""2020-04-20 14:50:00 UTC"""
"1","
"
"1"," [4]"
"1"," ""2020-04-20 14:51:00 UTC"""
"1"," ""2020-04-20 15:14:00 UTC"""
"1"," ""2020-04-20 16:26:00 UTC"""
"1","
"
"1"," [7]"
"1"," ""2020-04-20 16:36:00 UTC"""
"1"," ""2020-04-20 16:58:00 UTC"""
"1"," ""2020-04-20 17:18:00 UTC"""
"1","
"
"1","[10]"
"1"," ""2020-04-20 17:29:00 UTC"""
"1"," ""2020-04-20 17:40:00 UTC"""
"1"," ""2020-04-20 22:58:00 UTC"""
"1","
"
"1","[13]"
"1"," ""2020-04-20 23:19:00 UTC"""
"1"," ""2020-04-20 23:22:00 UTC"""
"1"," ""2020-04-20 23:24:00 UTC"""
"1","
"
"1","[16]"
"1"," ""2020-04-20 23:36:00 UTC"""
"1"," ""2020-04-20 23:55:00 UTC"""
"1"," ""2020-04-21 00:02:00 UTC"""
"1","
"
"1","[19]"
"1"," ""2020-04-21 00:40:00 UTC"""
"1"," ""2020-04-21 00:51:00 UTC"""
"1"," ""2020-04-21 00:56:00 UTC"""
"1","
"
"1","[22]"
"1"," ""2020-04-21 00:59:00 UTC"""
"1"," ""2020-04-21 01:00:00 UTC"""
"1"," ""2020-04-21 07:23:00 UTC"""
"1","
"
"1","[25]"
"1"," ""2020-04-21 09:12:00 UTC"""
"1","
"
